create table t1 (a int);
insert into t1 values (1),(2),(3);
create table t2 (b int);
insert into t2 values (2),(1),(20);
create table t3 (c int, e int);
insert into t3 values (3,2),(10,3),(2,20);
create table t4 (d int);
insert into t4 values (3),(1),(20);
set SQL_MODE= oracle;
select t1.a, t4.d, t2.b, t3.c
from t1, t2, t3, t4
where
t1.a = t2.b(+) and
t1.a = t3.c(+) and
t4.d = t2.b(+) and
t4.d = t3.c(+);
a	d	b	c
3	3	NULL	3
1	1	1	NULL
1	3	NULL	NULL
2	3	NULL	NULL
2	1	NULL	NULL
3	1	NULL	NULL
1	20	NULL	NULL
2	20	NULL	NULL
3	20	NULL	NULL
explain extended
select t1.a, t4.d, t2.b, t3.c
from t1, t2, t3, t4
where
t1.a = t2.b(+) and
t1.a = t3.c(+) and
t4.d = t2.b(+) and
t4.d = t3.c(+);
id	select_type	table	type	possible_keys	key	key_len	ref	rows	filtered	Extra
1	SIMPLE	t1	ALL	NULL	NULL	NULL	NULL	3	100.00	
1	SIMPLE	t4	ALL	NULL	NULL	NULL	NULL	3	100.00	Using join buffer (flat, BNL join)
1	SIMPLE	t2	ALL	NULL	NULL	NULL	NULL	3	100.00	Using where; Using join buffer (incremental, BNL join)
1	SIMPLE	t3	ALL	NULL	NULL	NULL	NULL	3	100.00	Using where; Using join buffer (incremental, BNL join)
Warnings:
Note	1003	select "test"."t1"."a" AS "a","test"."t4"."d" AS "d","test"."t2"."b" AS "b","test"."t3"."c" AS "c" from "test"."t1" join "test"."t4" left join "test"."t2" on("test"."t4"."d" = "test"."t1"."a" and "test"."t2"."b" = "test"."t1"."a") left join "test"."t3" on("test"."t4"."d" = "test"."t1"."a" and "test"."t3"."c" = "test"."t1"."a") where 1
select t1.a, t4.d, t2.b, t3.c
from t4, t3, t2, t1
where
t1.a = t2.b(+) and
t1.a = t3.c(+) and
t4.d = t2.b(+) and
t4.d = t3.c(+);
a	d	b	c
1	1	1	NULL
3	3	NULL	3
1	3	NULL	NULL
1	20	NULL	NULL
2	3	NULL	NULL
2	1	NULL	NULL
2	20	NULL	NULL
3	1	NULL	NULL
3	20	NULL	NULL
explain extended
select t1.a, t4.d, t2.b, t3.c
from t4, t3, t2, t1
where
t1.a = t2.b(+) and
t1.a = t3.c(+) and
t4.d = t2.b(+) and
t4.d = t3.c(+);
id	select_type	table	type	possible_keys	key	key_len	ref	rows	filtered	Extra
1	SIMPLE	t4	ALL	NULL	NULL	NULL	NULL	3	100.00	
1	SIMPLE	t1	ALL	NULL	NULL	NULL	NULL	3	100.00	Using join buffer (flat, BNL join)
1	SIMPLE	t3	ALL	NULL	NULL	NULL	NULL	3	100.00	Using where; Using join buffer (incremental, BNL join)
1	SIMPLE	t2	ALL	NULL	NULL	NULL	NULL	3	100.00	Using where; Using join buffer (incremental, BNL join)
Warnings:
Note	1003	select "test"."t1"."a" AS "a","test"."t4"."d" AS "d","test"."t2"."b" AS "b","test"."t3"."c" AS "c" from "test"."t4" join "test"."t1" left join "test"."t3" on("test"."t1"."a" = "test"."t4"."d" and "test"."t3"."c" = "test"."t4"."d") left join "test"."t2" on("test"."t1"."a" = "test"."t4"."d" and "test"."t2"."b" = "test"."t4"."d") where 1
select t1.a, t4.d, t2.b, t3.c
from t2, t1, t4, t3
where
t1.a = t2.b(+) and
t1.a = t3.c(+) and
t4.d = t2.b(+) and
t4.d = t3.c(+);
a	d	b	c
3	3	NULL	3
1	1	1	NULL
1	3	NULL	NULL
2	3	NULL	NULL
2	1	NULL	NULL
3	1	NULL	NULL
1	20	NULL	NULL
2	20	NULL	NULL
3	20	NULL	NULL
explain extended
select t1.a, t4.d, t2.b, t3.c
from t2, t1, t4, t3
where
t1.a = t2.b(+) and
t1.a = t3.c(+) and
t4.d = t2.b(+) and
t4.d = t3.c(+);
id	select_type	table	type	possible_keys	key	key_len	ref	rows	filtered	Extra
1	SIMPLE	t1	ALL	NULL	NULL	NULL	NULL	3	100.00	
1	SIMPLE	t4	ALL	NULL	NULL	NULL	NULL	3	100.00	Using join buffer (flat, BNL join)
1	SIMPLE	t2	ALL	NULL	NULL	NULL	NULL	3	100.00	Using where; Using join buffer (incremental, BNL join)
1	SIMPLE	t3	ALL	NULL	NULL	NULL	NULL	3	100.00	Using where; Using join buffer (incremental, BNL join)
Warnings:
Note	1003	select "test"."t1"."a" AS "a","test"."t4"."d" AS "d","test"."t2"."b" AS "b","test"."t3"."c" AS "c" from "test"."t1" join "test"."t4" left join "test"."t2" on("test"."t4"."d" = "test"."t1"."a" and "test"."t2"."b" = "test"."t1"."a") left join "test"."t3" on("test"."t4"."d" = "test"."t1"."a" and "test"."t3"."c" = "test"."t1"."a") where 1
select t1.a, t4.d, t2.b, t3.c
from t3, t4, t1, t2
where
t1.a = t2.b(+) and
t1.a = t3.c(+) and
t4.d = t2.b(+) and
t4.d = t3.c(+);
a	d	b	c
1	1	1	NULL
3	3	NULL	3
1	3	NULL	NULL
1	20	NULL	NULL
2	3	NULL	NULL
2	1	NULL	NULL
2	20	NULL	NULL
3	1	NULL	NULL
3	20	NULL	NULL
explain extended
select t1.a, t4.d, t2.b, t3.c
from t3, t4, t1, t2
where
t1.a = t2.b(+) and
t1.a = t3.c(+) and
t4.d = t2.b(+) and
t4.d = t3.c(+);
id	select_type	table	type	possible_keys	key	key_len	ref	rows	filtered	Extra
1	SIMPLE	t4	ALL	NULL	NULL	NULL	NULL	3	100.00	
1	SIMPLE	t1	ALL	NULL	NULL	NULL	NULL	3	100.00	Using join buffer (flat, BNL join)
1	SIMPLE	t3	ALL	NULL	NULL	NULL	NULL	3	100.00	Using where; Using join buffer (incremental, BNL join)
1	SIMPLE	t2	ALL	NULL	NULL	NULL	NULL	3	100.00	Using where; Using join buffer (incremental, BNL join)
Warnings:
Note	1003	select "test"."t1"."a" AS "a","test"."t4"."d" AS "d","test"."t2"."b" AS "b","test"."t3"."c" AS "c" from "test"."t4" join "test"."t1" left join "test"."t3" on("test"."t1"."a" = "test"."t4"."d" and "test"."t3"."c" = "test"."t4"."d") left join "test"."t2" on("test"."t1"."a" = "test"."t4"."d" and "test"."t2"."b" = "test"."t4"."d") where 1
drop table t1, t2, t3, t4;
